제목,리뷰
일단 좋아요,일단 1주일밖에 안돼서 더 먹어봐야 알 거 같아요
퍈히군요,복용하기 편하고 관리 차원에서 도움이 됩니다
빠른도착,잘도착했어요 감사합니다
만족,먹기 편하고 가격대비 훌륭합니다
이제부터 시작,이제 먹기 시작해서 효과는 잘 모르겠지만 먹기 편해 좋아요
감사합니다,효과있길바라며 꾸준히먹어볼께요
남편이랑 같이 먹어요,남편때문에시켰는데꾸준히먹어보러구요
일단은 만족,반신반의하면서먹어봤더니꽤효과가있더라구요.
꾸준하게,꾸준하 먹어봐야겠지요
굿굿굿,삼키기 편하고 맛도 괜찮고 굿입니다
재구매 할께요,꾸준히 먹고 있는 제품입니다 다음에 또 구매할께요
가성비,가격대비 훌륭합니다
감사합니다,열심히 먹어볼려구요
빠른배송,배송빨라요 만족합니다
꾸준히,더꾸준히 먹어봐야 효과가 있겠죠 기대해봅니다
간편하게 잘먹어요,간편하게 잘 먹고 있네요
감사합니다,열심히 먹고있어요~~
좋아요,아직은 잘모르겠고 효과가 있길 바래요.
굿,아직 효과는 모르겠으나 좋아질거라 믿고 열심히 먹어 봅니다
ㄱㄱ,잘 먹고 있어요 감사합니다!!
조항요,먹기편하고 좋습니다
일단 받았어요,아직효과는 모르지만 써봅니다
