계정,비번,이름
example16,$$Qq159753,진수신
example17,$$Qq159753,안영선
example18,$$Qq159753,탁양지
example19,$$Qq159753,변조영
example20,$$Qq159753,남이영
example21,$$Qq159753,노아세
example22,$$Qq159753,나규윤
example23,$$Qq159753,유휘은
example24,$$Qq159753,변초온
example25,$$Qq159753,서세경
example26,$$Qq159753,변다재
example27,$$Qq159753,정준현
example28,$$Qq159753,염태향
example29,$$Qq159753,편송하
example30,$$Qq159753,허원성
example31,$$Qq159753,원고소
example32,$$Qq159753,추주하
example33,$$Qq159753,전아이
example34,$$Qq159753,탁미령
example35,$$Qq159753,양준승
example36,$$Qq159753,양률기
example37,$$Qq159753,공준혜
example38,$$Qq159753,류순선
example39,$$Qq159753,곽혜선
example40,$$Qq159753,하동운
example41,$$Qq159753,임준율
example42,$$Qq159753,윤해재
example43,$$Qq159753,백주린
example44,$$Qq159753,홍시미
example45,$$Qq159753,손성령
example46,$$Qq159753,류보운
example47,$$Qq159753,백서향
example48,$$Qq159753,편동미
example49,$$Qq159753,홍비효
example50,$$Qq159753,강다빈
example51,$$Qq159753,은진향
example52,$$Qq159753,최의연
example53,$$Qq159753,정해교
example54,$$Qq159753,하률교
example55,$$Qq159753,나률림
example56,$$Qq159753,배시세
example57,$$Qq159753,최하주
example58,$$Qq159753,표채하
example59,$$Qq159753,노슬예
example60,$$Qq159753,장비희
example61,$$Qq159753,구해련
example62,$$Qq159753,윤선원
example63,$$Qq159753,남상기
example64,$$Qq159753,백진옥
example65,$$Qq159753,양주휘
example66,$$Qq159753,문비소
example67,$$Qq159753,노여연
example68,$$Qq159753,하시희
example69,$$Qq159753,염나린
example70,$$Qq159753,안여련
example71,$$Qq159753,노도송
example72,$$Qq159753,황영인
example73,$$Qq159753,도률성
example74,$$Qq159753,김재령
example75,$$Qq159753,박수우
example76,$$Qq159753,표가영
example77,$$Qq159753,오선지
example78,$$Qq159753,서태하
example79,$$Qq159753,배보지
example80,$$Qq159753,서한혜
example81,$$Qq159753,허연승
example82,$$Qq159753,윤선미
example83,$$Qq159753,정명율
example84,$$Qq159753,류조휘
example85,$$Qq159753,추지경
example86,$$Qq159753,변휘주
example87,$$Qq159753,추경예
example88,$$Qq159753,최김한
example89,$$Qq159753,은윤기
example90,$$Qq159753,문효하
example91,$$Qq159753,추채서
example92,$$Qq159753,황해언
example93,$$Qq159753,권고원
example94,$$Qq159753,정민준
example95,$$Qq159753,류률재
example96,$$Qq159753,이다향
example97,$$Qq159753,염혜완
example98,$$Qq159753,편연원
example99,$$Qq159753,노원우
example100,$$Qq159753,추보예
example101,$$Qq159753,표재한
example102,$$Qq159753,진의원
example103,$$Qq159753,정송미
example104,$$Qq159753,고슬욱
example105,$$Qq159753,노영송
example106,$$Qq159753,문현진
example107,$$Qq159753,편주진
example108,$$Qq159753,정비경
example109,$$Qq159753,오재혜
example110,$$Qq159753,곽민령
example111,$$Qq159753,남한림
example112,$$Qq159753,구아미
example113,$$Qq159753,곽동란
example114,$$Qq159753,곽근리
example115,$$Qq159753,염승신
example116,$$Qq159753,나교한
example117,$$Qq159753,정한임
example118,$$Qq159753,고규이
example119,$$Qq159753,양률율
example120,$$Qq159753,오의진
example121,$$Qq159753,곽순유
example122,$$Qq159753,엄선름
example123,$$Qq159753,원도한
example124,$$Qq159753,추하재
